id,username,name,description,location,followers,following,tweets,listed,verified,verified_type,created_at,profile_image_url
2050073911635894272,Lomyral114514,Lomyral 3.0(已老实),"enby，he/they，无浪漫倾向泛性恋。
INTP/重抑中焦。
不吸毒，不贩卖任何东西，不提供任何付费服务。
这里是三号机，互关寻回中",The other side of paradise,579,386,554,2,False,,2026-05-01T04:44:51.000Z,https://pbs.twimg.com/profile_images/2050074118356434944/ebr8JW3N_normal.jpg
2047679401400373248,Hysteriadie0331,一只破碎的小天使/绒布球/猫娘🍥,"小空宇｜
生日:2009.10.28｜mtf｜中度GD🏳️‍⚧️｜重启hrt:2026.05.01🍥｜有易性症病历｜家长反对党｜天残党｜INFP-T｜逆来顺受｜BPD｜同类fo｜请和咱交朋友嘛~｜疑似精神病患者（有病历）｜咱不喜欢屏蔽
人，被屏蔽会特别难过...｜一只小透明
‖‖聊天群:1101059788‖‖",Internet and Paradise,509,346,331,1,False,,2026-04-24T14:10:22.000Z,https://pbs.twimg.com/profile_images/2053144881489723392/h_0v-Dy1_normal.jpg
2046238259919912960,Type_zhi,知式🍥🏳️‍⚧️,🏳️‍⚧️🍥/一只17岁的xyn..../hrt🍥:2025-1-19/生日🎂2009-03-07 03:37/在读女高（确信）/有小证了捏🥺/还在上学喵☺️/想和大家做朋友喵 欢迎扩列喵🤓（限跨性别）/现居湖北/还有myl你还我的号😭😭,湖北,846,529,137,2,False,,2026-04-20T14:43:50.000Z,https://pbs.twimg.com/profile_images/2046251484065771520/Q4-YXewi_normal.jpg
2045513838850641921,inline_int,int喵🏳️‍⚧️🍥,前世@inlineint /HRT2026.3.9🍥/小证2026.4.12/INTP/已炸柜/家长党/天残党/中抑中焦/精卫住院中/ODer/高中生/OIer/彩笔音游人rks15.47/计算机狂热爱好者/不键政/看成分互fo/是猫娘喵～,天国,678,628,160,1,False,,2026-04-18T14:47:16.000Z,https://pbs.twimg.com/profile_images/2045515096600748032/ZOpNMKpP_normal.jpg
2045308579729625089,cybercat868,cybercat（白鸠叶）🏳️‍⚧️,大家好喵，我是白鸠叶，一位mtf，喜欢电脑，archlinuxcn社区，不自残与od，十分严重的自杀想法,,103,146,375,2,False,,2026-04-18T01:11:09.000Z,https://pbs.twimg.com/profile_images/2045309124850671616/F0k1u4nr_normal.jpg
2044896801497509888,hasmiku520,Puuki🏳️‍⚧️🍥,"感谢关注喵！|2009.12.22|浙江 温州|信竞小菜喵
高一物化技desu|关注滴咱都会回关desuwa！|家长反对党
探索X中喵w|《云律茶馆》游戏制作喵|割手手喵w
菜菜音游入｜ＰＪＳＫ｜hrt 26.4.21|无证含糖
不讨论政治喵~🇨🇳🇹🇼一家亲啦～各具优势，和平相处！
没回应该是被限制发言惹喵ww",浙江省,414,409,733,2,False,,2026-04-16T21:53:12.000Z,https://pbs.twimg.com/profile_images/2044897193967190016/SOBDwJyV_normal.jpg
2044319134326964224,Allenium114,🍁🍥iLYA🍥🍁,"@xldmtx 的私人账号。

会放面熟的人进。",棍母所栖之处,219,215,726,2,False,,2026-04-15T07:37:25.000Z,https://pbs.twimg.com/profile_images/2044319211884032000/COXjezdU_normal.jpg
2041687695424950273,ccshuile,cc🏳️‍⚧️,🥗🍥我不要再喜欢任何人了,,1128,32,234,5,False,,2026-04-08T01:21:03.000Z,https://pbs.twimg.com/profile_images/2041688275296120832/e5yGXjI3_normal.jpg
2041449281677045760,Sorcerer198964,索瑟尔 𝓢𝓸𝓻𝓬𝓮𝓻𝓮𝓻🍥🏳️‍⚧️,前世：@Witch198964 互fo寻回中｜ 06 ｜ MTF｜TQ｜ENTP｜公路车｜精英社会自由主义｜AI/美股/理工/生物/哲学/政经｜Cantonese｜略通药理｜NPD｜ 抹茶脑袋｜ 同类互fo可面哦,北京市西城区西华门大街28号,516,493,1224,4,False,,2026-04-07T09:33:46.000Z,https://pbs.twimg.com/profile_images/2041452438411227136/lEeNP37m_normal.jpg
2038878967181017088,sayori_awa,🍥sayori🍥（缓慢回fo中）,这里是一只sayori酱 | MtF🏳️‍⚧️ | 互fo大欢迎(•̀ω•́)✧| 09.09.14 | 无证含糖 | INTP | 中文/ENG/日本語初心者 | 精神状态不稳定 | 成分复杂 | i just want to make everyone happy...,終ノ空,258,412,229,2,False,,2026-03-31T07:20:20.000Z,https://pbs.twimg.com/profile_images/2039593919089131520/FpMa5rYl_normal.png
2037915149173182465,luna_1111__,Luna (焦虑ing),🏳️‍⚧️MtF | 07 | 💊HRT 26.03.20 | ISTP-T | 无性恋 | 应该算是半个家长党? | 繁/简/ENG | 坐标香港🇭🇰,,432,379,592,2,False,,2026-03-28T15:31:11.000Z,https://pbs.twimg.com/profile_images/2040980903027933184/zF_8vvq7_normal.jpg
2036316864838770688,hyoukaatsuinya,冰棍好烫喵 二世（互fo寻回）,📖🖥 大一休学 计算机 / 🗺️📍 坐标上海 / 🍰1989.06.04 / 🧊🔥 冰棍必须是烫的！/ 🍥 断续含糖 / 🏳‍⚧🏳️‍🌈 MTFTX.TransLes / 🦋 INFP-A / 🏴🚩 Ⓐ☭ 政治立场偏左下 / 🌊 涌江入河水渠辟，润滋沃土生机荣,https://github.com/bghtnya,902,125,444,2,False,,2026-03-24T05:39:17.000Z,https://pbs.twimg.com/profile_images/2037111119853293568/4aK5yhyE_normal.jpg
2035668415231492096,4rulq,かくえいい🍥🏳️‍⚧️,"私はかくえいいです、いいちゃんと呼んでください
重度焦慮/性別焦慮各方面渴望被愛
重度の不安/性別不安の各方面（ではない）
HRT：2026/5/6
請先看這個內容喵～注意⚠️：若是大陸人請自覺用找我要國內聯絡資訊喵～感謝大家的配合喵～最愛大家喵～
註明：1:自願不是強求喵～
2:有🚪費的請遠離喵～（後續酌情補充喵～",,365,555,2003,2,False,,2026-03-22T10:42:53.000Z,https://pbs.twimg.com/profile_images/2038145351832793088/iKz0bEI5_normal.jpg
2032216049236787205,momo1555803,mo mo,,,20,72,560,2,False,,2026-03-12T22:04:40.000Z,https://pbs.twimg.com/profile_images/2032216232251047937/4VmtAqbd_normal.png
2031715041196875776,YiJin_0v0,3.霖（完全病娇邪恶中二）,"不发帖就是被抓进精神病院了【寻回推u】
- ✰*🎀ੈ✩🍥✰*💗ੈ✩-
生活在互联网！查成分回fo/我是低龄糖逼大傻福，十分抱歉！
宇宙级严重失眠 -12现役初中生
春风@ace31ch
^✟❀永远纪念@wu_si787878❀@iirin_0917❀随时附体@Melody_0v0_❀✟",你看看你身后,957,693,3668,2,False,,2026-03-11T12:53:23.000Z,https://pbs.twimg.com/profile_images/2052347801045200896/4j5q_ZbS_normal.jpg
2031270533359349761,senzhiwu,senzhiwu🍥🏳️‍⚧️,一个什么都不擅长的废物吧（或许❓）生产日期2008（真的重要吗🤔）mtx小证含糖ing（我要大证喵😭）ENTP-T（不知道测了有啥用😇）hrt 3.29（未免太短了吧😡）🇲🇾留学生/常驻南京 欢迎来吉隆坡和南京找我玩喵（谁会跟长相顺男玩呢😭）主人 @zhandeng_（她胁迫我写的喵😭）,你家门口,1069,226,1592,4,False,,2026-03-10T07:27:30.000Z,https://pbs.twimg.com/profile_images/2047353915830882304/u21sPFyG_normal.jpg
2031097520840167424,Ciallo_114_514,Ciallo～(∠・ω ＜ )︵★🍥🏳️‍⚧️💊✝️（互fo寻回ing）,"前世@YunoQiu56649｜互fo喵(没回私信提醒我喵)
生日0402｜hrt2026.1.12-3.19 4.24-？｜已炸柜｜超级天残党+家长不管党｜中焦重抑｜全部立场中立｜碎碎念｜我又不想死了｜此号现作为小号 新大号@qi_bu64350",你家,1073,797,4313,3,False,,2026-03-09T19:59:37.000Z,https://pbs.twimg.com/profile_images/2035909538168328193/rP91M_1J_normal.jpg
2030261557087854592,Xianyufanfan215,Xianyufanfan🏳️‍⚧️,甜腻的梦像纱裙般缠绕舌尖，如果许愿足够虔诚，月光会不会把我变成童话里转着裙摆的女孩  恋人@liwanmiaohy,,81,36,74,1,False,,2026-03-07T12:38:04.000Z,https://pbs.twimg.com/profile_images/2031191943724814336/jCOh5CcM_normal.jpg
2024210421373444096,blingbling712,布林布林🍥,MtF🍥🏳️‍⚧️｜hrt26.02.07｜家长不管党｜sub｜大M｜超大只不可爱｜天残党（巨丑）｜不od｜同类互fo｜锦依卫｜infp｜she/her｜姐姐！💕@rainchngshainn |最爱的💖@YeChuan1123,多伦多,700,374,1517,3,False,,2026-02-18T19:53:30.000Z,https://pbs.twimg.com/profile_images/2024211117850185740/xXbw-Ak6_normal.jpg
2022181719835914242,QY404XYN,千夜404🍥,MTF｜出厂日期2008.11.25 注销日期2026.12.24｜hrt日期2025.5.31｜狂躁易怒｜正在戒od｜自残｜中度强迫症｜重度抑郁焦虑 精神分裂 多重人格｜精神不稳定｜闺蜜 @QWQ73416 ｜长春の药娘王｜如果有事找我请加主页Q群,,4302,211,419,7,False,,2026-02-13T05:31:26.000Z,https://pbs.twimg.com/profile_images/2052185895948988416/JB6cyQIM_normal.jpg
2019293013114253313,seeyouinthe2999,🍥马库斯爱吃蛋糕💊​🏳️‍⚧️,"15岁高中生 oder💊 mtf 抑郁/焦虑/c-ptsd
喜欢听摇滚  割🔪  重返未来1999 偶尔发一些意识流诗文
只要有手机耳机我就在听歌睡觉也在
被pr80空腹逼疯的胃病患者
同类来互fo捏
@seeinMillennium 备用号","Shibuya-ku, Tokyo",588,639,1172,2,False,,2026-02-05T06:12:54.000Z,https://pbs.twimg.com/profile_images/2022593862368448512/xmnoyp3e_normal.jpg
2018986573090717696,xhFK114514,阿这,"FuKarl7/2026年3月21日起活跃在此号/友跨🏳️‍⚧️(没翻车)/社恐/高三/无糖(?)/含糖(?)/不od/不割手/互关/喵
❤️❤️❤️❤️❤️：@ruoruoruoMing
意义重大的日子：2026年3月15日/2026年5月2日",天津,378,759,681,3,False,,2026-02-04T09:56:48.000Z,https://pbs.twimg.com/profile_images/2037862051725594624/P9TAAf07_normal.jpg
2017878602164088832,xyu1182202,曦月🏳️‍⚧️🍥,你好,被窝,787,990,5504,2,False,,2026-02-01T08:32:11.000Z,https://pbs.twimg.com/profile_images/2042254050557820928/D4EAX9tx_normal.jpg
2016246570312990720,YuChenawa,𝒴𝓊𝒸𝒽ℯ𝓃 ℴ𝓋ℴ,"這裡是雨辰🥰!目前和貓貓@Lvmaosamaovo共號喵！無政治傾向,不是小粉紅,無性別歧視,少數群體全友好!生產日期2009.7.16,有焦虑症QAQ,會OD.請和我社交,我會儘可能認真回復你們的內容的,也歡迎私信騷擾我,雖然說咱不是很會安慰人就是了,低俗恶俗人请远离我谢谢!",云想衣裳花想容,152,284,538,2,False,,2026-01-27T20:27:15.000Z,https://pbs.twimg.com/profile_images/2017348660867305473/hJCnFu9n_normal.jpg
2016108531028787202,hello1145110043,fo我免费送赛博炸鸡（bushi ）🍥,好累！好累！好累！好累！好累！,地球,501,147,1071,3,False,,2026-01-27T11:18:35.000Z,https://pbs.twimg.com/profile_images/2043382351338627072/dvyKaqRZ_normal.jpg
2012841769105567744,18nuun,海月水母x17🍥,沉浸于药物和自毁的欣快之中｜mtf｜06｜重抑｜INFP｜💊药物成瘾中心｜永远的爱人@dnshu135734｜大号是@aureliax17qwq｜896489648964,,318,32,105,3,False,,2026-01-18T10:57:56.000Z,https://pbs.twimg.com/profile_images/2051431775319281664/S0BXOQH5_normal.jpg
2008812080099672064,Xiaoyi_0324,樱川由奈🏳️‍⚧️Sakura,几乎全天在线的互联网飞舞!负面情绪/碎碎念致歉|半日常推|直fo成分回|同类直接回(没看到要私信🥹|MTX(F?)|出柜:26/4/30|好东西都在这个号👉@NiaoYou83766😋|⬇️匿名提问|二代目:@Johnsons8nx,来玩捉迷藏吧？,502,221,1440,2,False,,2026-01-07T08:05:14.000Z,https://pbs.twimg.com/profile_images/2041966864163880960/7aHicZzs_normal.jpg
2005261732751802368,HappyHejsDay,𝕙𝕖𝕛😉,低脂國奻｜惡俗醜釹｜疑似鍵政｜痛苦大學生｜准健全逼｜不OD不割手｜失敗合約交易員｜🇹🇼🇭🇰🇨🇳｜歡迎私訊聊天｜同類互fo｜前世@franciswwwww｜寵物@Fe_ions ｜小玩具@wwwAlce4｜寶寶窩@PaulDrizzyvlni @Suimikax @Jskyeye @zwh20081,秦城监狱,1548,1739,5478,4,False,,2025-12-28T12:57:17.000Z,https://pbs.twimg.com/profile_images/2039022077857124352/L7EpIiFT_normal.jpg
1991445096013918208,SakurabaEma_ITN,英酱猫猫🍥,｜真理不靠雷霆落，破尽谎言路自开｜以是非定立场而不是以立场定是非｜主人老婆 @KOISHI_IV｜“我希望有一天，所有人都能站在自由民主平等的蓝天之下”｜,马斯克的祖坟头上,657,98,1038,3,False,,2025-11-20T09:54:50.000Z,https://pbs.twimg.com/profile_images/1991445156823003136/fQqmo6Tk_normal.jpg
1989517742127652866,AGNK_553,AG553🏳️‍⚧️,"2025.11 重生喵~
一般路过 可以叫我553
09 MTX？
（负能量预警）
大多数时候图文无关qwq
没回fo是没看到可以评论咪
看黄男&粉红勿扰
简介编辑中…",浮肿引诱社绝赞成立筹划中,759,1532,2906,2,False,,2025-11-15T02:17:39.000Z,https://pbs.twimg.com/profile_images/2009425649296134149/7XVRu4Xs_normal.jpg
1982449259774656512,smiroyama,Smirnova 🏳️‍⚧️🍡,"sharing and making some funny memes
Developing https://t.co/pJ9VtduSxe 🍥
friends🥰: @Huang_Yut1ng @fukui_p26 @qianxunchan",绪山寺,4688,2198,6268,13,False,,2025-10-26T14:08:58.000Z,https://pbs.twimg.com/profile_images/2046272487093313536/37Hos-Hz_normal.jpg
1980236829455511552,PaulDrizzyvlni,happiness🏳️‍⚧️,恢覆出廠 25.11.18🏳️‍⚧️🍥|香山陰暗女高|粵內勢力|重度抑郁患者|精神支持：保羅喬治|一定會好的吧|愛好睡覺🐱|好姐姐 @HappyHejsDay | 對象@shixveriya 🥰 |可愛姊妹@shiyaoshiwo |安卓小號 @PG13LD77,"Palmdale, California, USA",2455,1344,4642,7,False,,2025-10-20T11:37:56.000Z,https://pbs.twimg.com/profile_images/2029097178988425216/wR_-2rgN_normal.jpg
1975075608481947648,xnnhcm5033,是初音啊 🏳️‍⚧️🍥,"喵~，初次见面，请多关照。丨14岁无证含糖丨丨上学中的初二生😭|全绵阳最小的mtf。丨小南梁丨丨CR迷丨丨偶像初音ミク丨丨11.12.12丨
丨喜欢打音游丨丨同时也会写作文呀喵~丨
 丨同类互fo喵丨

mtf/火车迷",国铁成局绵阳车务段（时不时跨局）,695,632,439,2,False,,2025-10-06T05:48:34.000Z,https://pbs.twimg.com/profile_images/1984406146430758912/oOyQLgDn_normal.jpg
1960198897827282944,Neko_nya2026,nya🍥🏳️‍⚧️,mtf/⚠️究极负面警告⚠️,猫猫の窝,647,957,1146,2,False,,2025-08-26T04:33:47.000Z,https://pbs.twimg.com/profile_images/2039372266392477696/TKfpldWL_normal.jpg
1955980103688790017,aaarjkk,𝗮𝟬𝗯𝕽𝕵𝕶𝖐𝓨𝓣喵！,活在幻想中▯😉希望咱们都能开开心心▯成绩倒数▯26年中考▯小号@a0brjkk▯⛏🅪𝙼𝚒𝚗𝚎𝚌𝚛𝚊𝚏𝚝player▯选择性互Follow(?)▯171cm▯52.8kg(胖了好多😭😭😭)▯🎂10/14/2010,万达广场,609,703,1697,2,False,,2025-08-14T13:09:47.000Z,https://pbs.twimg.com/profile_images/2050077701369913344/eD9OlVgW_normal.jpg
1943561677762646016,qusuunmd,曲速 u🍥,2010年的xyn/167cm 57.5kg（www我要减肥）/hrt🍥时间:2025.8.15/无证含糖🍥/高一牲/有点缺爱/想要贴贴/同类互fo喵/常住于青岛喵/过年会回泉州/穷穷穷 想要钱钱/不抽烟不喝酒不od不割手/不圆角谢谢 勿扰,"Hachinohe-shi, Aomori",653,334,790,3,False,,2025-07-11T06:44:29.000Z,https://pbs.twimg.com/profile_images/2025830754715090944/KciDNY7c_normal.jpg
1942368986051796992,CunZai1069,存存之王,"臭敲代码的 | INTP | 中抑重焦, 貌似还在恶化🙃。喜欢画画和编曲，可以和我私信交流，看到就会回复的！个人网站https://t.co/kOm2R6CHtc但是目前还在搭建中！https://t.co/0gQFjhG3jU",,759,508,359,3,False,,2025-07-07T23:44:03.000Z,https://pbs.twimg.com/profile_images/2043509872428490752/r5DJT75y_normal.jpg
1942218528100134912,youling_qaq,basibatuo🍥🏳️‍⚧️,"14岁初二生 低龄傻福推u  2*/2/2012
mtf🍥hrt:26.3.30
平时想发啥发啥
家暴党 年龄党
不谈论政治
成分复杂，部分帖子带有玩梗性质（求求你们别骂了😭😭😭）
随机互fo（私信也行）
坐标hncs
（taffy唐笑.mp3）
私信慢回",关注塔菲喵，关注塔菲谢谢喵,671,933,472,2,False,,2025-07-07T13:46:08.000Z,https://pbs.twimg.com/profile_images/2022914453998891008/mwmzVtyR_normal.jpg
1941907536032186368,Liunian_a,流年🏳️‍⚧️🍥,Mtf/2009.9.29/hrt2025.11.12 无证含糖 身高162体重48 生错性别的小女孩 抑郁 性别焦虑 已出柜 高中牲 休学中 超级社恐 谢谢大家关注和喜欢喔 对所有人友善 随便发发 有点负能量不od不割手手不见证同类欢迎互fo喵 妹妹:@TixItem4527 姐姐:@NanakoLumkung,,1341,531,874,5,False,,2025-07-06T17:10:23.000Z,https://pbs.twimg.com/profile_images/2023595768003915777/XdVYeEpP_normal.jpg
1940456482744795138,ICEbingkuai95,氷水化合物🏳️‍⚧️（忍着不发负能版😿）,"你好呀这里是冰块 可贴贴 同类可互粉！
中焦重抑不od💊/🍥🏳️‍⚧️🏳️‍🌈 2010.9月生产的 mtf出柜成功
观察期已结束准备证明中（家长党）/CN/EN/繁/JP/可交流/音游痴@IceBingKuai2010（小号）不定时更新🥰谢谢喜欢🥰LGBT+友好🥰",成为那个最认可的她就是我的终点🏳️‍⚧️,271,526,518,1,False,,2025-07-02T17:04:21.000Z,https://pbs.twimg.com/profile_images/2052783442648264704/LGTWMNVZ_normal.jpg
1931206572447072256,Molify152362,磨光子,数学研0/trans girl/185cm天空树/hrt2025.6.？——2026.1.9，2026.2.28——？/频道https://t.co/ASi6IlWyRm,峰城大附属学园,1397,807,597,3,False,,2025-06-07T04:28:28.000Z,https://pbs.twimg.com/profile_images/1984309067368759296/kCb7Rosh_normal.jpg
1929416262989557760,maoxian1527,猫弦nekogen🍥,🤍2010.11.17🤍 | kitty live system | 碎碎念 | 🏳️‍⚧️友好 | 看心情互fo | 防走丢@maoxiansql | 诡秘@zqtlovekris99 | 姐姐@OuO_QwQg | 对象@Meph4786 | 金主@Acmduemsks,距离你5.2km,2041,269,2419,3,False,,2025-06-02T05:54:41.000Z,https://pbs.twimg.com/profile_images/2053311135085191168/elVU_DBn_normal.jpg
1928705633135767600,AuroraLight_01,芸光酱AuroraLight 🍥🏳️‍⚧️,"13岁 7年级 也许是泛性恋？推龄最小的? 
无证小药娘🍥2026.4.7 MTF
从小想做个女孩子-炸柜：5.2,断糖ing
喜欢折腾电脑和会一点编程
分享Hrt日常-自残🔪  不Od💊  
关注芸光谢谢喵~（目标800fo QWQ）
—————
过去的已逝，就这样吧",湖北潜江,780,14,569,5,False,,2025-05-31T06:51:03.000Z,https://pbs.twimg.com/profile_images/2050189894278897664/xk4hCXpu_normal.jpg
1918295029757759488,ffzzovo,ffzz🐱,"❤️@NyaNeko_ovo
性别:音游痴音游痴音游痴音游吃
不定时互联网失踪/
2010.11.10🍰 | 
183/61🌳 | 
Shanghai📍| 
神必2025.5.8 | 
👆phigros👆舞萌缓慢学习中",中国上海,590,771,875,1,False,,2025-05-02T13:22:41.000Z,https://pbs.twimg.com/profile_images/2050934705328197632/Z-B7jmNb_normal.jpg
1904873292366036992,Chiyuyu520,池鱼鱼🍥,"出生日期2010 0907 HRT:2025 0324
跨过晨昏线，便是永夜|完全和平主义者
不会回关 只关注朋友 可以私聊询问
被我屏蔽就是因为你发了我讨厌的内容
我们的世界，终会像孩童时，怀着真挚的向往写下的作文一样美好",世界本该是你 醒来的模样。,3932,1291,1423,9,False,,2025-03-26T12:29:26.000Z,https://pbs.twimg.com/profile_images/1966428664674873344/UPFjBexp_normal.jpg
1900108524304076800,qi_bu64350,Ciallo～(∠・ω ≤ )︵★🍥🏳️‍⚧️,"前@Ciallo_114_514 
一切过激言论均由第二人格控制发布
随缘回fo，私信互fo
个人简介看上个号",第五高原,627,620,1063,3,False,,2025-03-13T08:56:07.000Z,https://pbs.twimg.com/profile_images/2049695578402304000/1dyUSXys_normal.jpg
1894461745277931524,Rain_Antar1121,Rain Antares🏳️‍⚧️🍥,MtF🏳️‍⚧️ | 07年的南京女孩纸🍬 | 同类互fo喵🍥 | 可以叫我瑞或者ra | 温顺软软小动物 | 社恐小透明 | 中二病随时发作 | 可爱就忍不住想抱紧紧 | 天文/航天/航空/科幻/一切好玩的事情 | 认真观察有趣的世界 | 贴贴愿意看到这里的你🥰,"Triton, Neptune",4067,6049,3043,11,False,,2025-02-25T18:57:47.000Z,https://pbs.twimg.com/profile_images/2042559105353842688/Hs-yW50g_normal.jpg
1893167873209856000,mxyzcdb,翅翅膀喵喵喵,高一物化生不想读｜前信息竞赛之AI大手子｜mtx｜私信互fo｜张臂以爱拥世人，惟愿温润暖乾坤｜愿我们都能带着温柔走很远很远(๑•̀ㅂ•́)و✧｜团队 @TeamTransmtf ｜大号 @axzamyzed ｜好姐姐 @Kiss_light233 @tingxinzhongyu,,850,392,2509,2,False,,2025-02-22T05:16:27.000Z,https://pbs.twimg.com/profile_images/2032366819802300422/sVzhVvEF_normal.jpg
1890498415974305792,weiweisama1220,唯唯sama,mtf丨生产日期Dec20.2009丨HRT Jan29.2026丨贴贴抱抱重度依赖丨坐标福建泉州丨175cm62kg丨大可爱缘缘@Lainyer051230丨最好的姐姐/老婆（确信）@Cc739108,,448,510,873,3,False,,2025-02-14T20:28:49.000Z,https://pbs.twimg.com/profile_images/2051362982169600000/TNgHa50L_normal.jpg
1887391023976038400,xiey57828,沐桃🍥,,柜子外面,579,308,1993,2,False,,2025-02-06T06:41:19.000Z,https://pbs.twimg.com/profile_images/2053082035531739136/h5Zx5o6p_normal.jpg
1882873467340832768,1896dddd71391,1896dddd,,,9,28,385,2,False,,2025-01-24T19:30:04.000Z,https://abs.twimg.com/sticky/default_profile_images/default_profile_normal.png
1882679150034694144,emm101215,emm…🍥🏳️‍⚧️,170cm 46kg/mtf/infp/hrt：2026.2.5/无证含糖/生产日期：2010.12.15 诡秘@baiyao105,,104,185,122,2,False,,2025-01-24T06:38:17.000Z,https://pbs.twimg.com/profile_images/1882679297128943616/HmNCsRoN_normal.jpg
1863319222765428736,ZaoTon2022,药娘百科🍥,神秘百科🍥💉💊该账号用于分享跨性别女性HRT相关知识，内容多数为自己对资料的理解和精简分析，偶尔分享一些实用小东西，查询资料请前往@mtfwiki，有任何问题欢迎私信🥰,CPA帝国,570,193,283,4,False,,2024-12-01T20:28:37.000Z,https://pbs.twimg.com/profile_images/2040938432932044800/rh05L2Iy_normal.jpg
1862988877964681216,transchineseorg,多元性别中文数字图书馆,致力于收集、保存、整理、展示中文社区关于跨性别、非二元的一切多元性别内容与记忆 / 本推特账号互动仅代表个人观点 / 尝试关注所有跨与非二元或友好人士,United States,2451,1768,574,10,False,,2024-11-30T22:35:43.000Z,https://pbs.twimg.com/profile_images/1863152868338929664/334kBlk__normal.jpg
1858393719080366080,xiaomonuya,Camellia,"可愛的小貓一隻，出生20101130
優點：会点魔术～～～比赛拿过两年亚军，魔术爱好者内中低水平（毕竟我还小）
缺點：缺愛，沒安全感（以及你能想到的任何可能存在的缺點）
🚪52喵//
les
//29元包年千G流量VPN👉🏻https://t.co/zQZ5MJmWPl",29元包年千G流量VPN👉🏻,1175,194,5148,3,False,,2024-11-18T06:16:13.000Z,https://pbs.twimg.com/profile_images/2050651147199975424/Q4r3IJl6_normal.jpg
1844926832967286785,ZX65535plus1,小竹子一掰就断🏳️‍⚧️,"挨揍不如嘴贱 brat统治世界  |  
只要不去就诊我就是健全B  |  
一直试图在没有血缘关系的人身上找到家 | 
非计算机专业 | 
或许是双性恋，不过只对男生有动情",万达广场楼下,4317,1464,21893,10,False,,2024-10-12T02:23:45.000Z,https://pbs.twimg.com/profile_images/2036702817168265216/LUEbpUzW_normal.jpg
1836041585475346432,LolingVerse,洛铃🦊Magic Caster,"唔，哈~~~！！
可爱赞美者，世界探索者 | 
153cm | 没诗硬吟  | Fox | Wife @YekaseSuiso2022 @nozomixlr
逃生舱 @LolinAchiv",可爱屋 - 鲨鱼🍥,375,143,3283,3,False,,2024-09-17T13:57:02.000Z,https://pbs.twimg.com/profile_images/1949784927089876992/j676ysmA_normal.jpg
1832688819017277440,homeCollider,家用粒子对撞机,"🏳️‍⚧️ MtF | 架构师
- 如果哪天我不在了，请忘记我，这是我的愿望。
- 主播不会死了，但是要终身使用巴氯芬。
- 讼棍，有一些 MtF 的案子，一些是大陆首案。",,351,380,844,2,False,,2024-09-08T07:54:25.000Z,https://pbs.twimg.com/profile_images/2039767465450983424/yYDG7LJt_normal.jpg
1831350388861345793,Hiime0,𝐻𝒾𝒾𝓂𝑒 🍡🍥,"黑色的荆棘扼住她的咽喉，永恒的夜消融了她的心脏。沉溺在“等待”中的她呀，总有一天，白霜般的月光会洒满你遍体鳞伤的娇躯，把你变成殿堂上转着裙摆的女孩。
【详情见置顶帖】
已有恋人",上海,583,234,612,2,False,,2024-09-04T15:15:42.000Z,https://pbs.twimg.com/profile_images/2046174460609503232/mDQ1pUpH_normal.jpg
1824818634809806848,hsgmxz,萌新 honoka🍥🏳️‍⚧️,「この世には息もできない人が沢山いるんですよ。」可以叫咱honoka。|永远14🏳️‍⚧️|🍥2025.7.26|小证含🍥|初音ミク大好き|2011.1.24|同类互fo|极度社恐|重焦重郁|intp-t|三好跨喵|家长党|匿名提问箱https://t.co/eJ9r7NqD38|老婆：@chao_ching_i,誰もいないセカイ,1960,1213,1645,6,False,,2024-08-17T14:40:51.000Z,https://pbs.twimg.com/profile_images/2010288262104088577/1zvRCsQg_normal.jpg
1811265295849598976,KiraMyao,KiraMyao🐱,"KiraMyao🌎きらみゃお🌏星绮喵                                      
  
Tech💾 meme👻 Equal❤️

Understand risk. Move through it.😡",Japan,1078,354,1514,3,False,,2024-07-11T05:04:57.000Z,https://pbs.twimg.com/profile_images/2050442466428616704/Cd6JwXLB_normal.jpg
1810873766119100416,RainEngine2024,雨晴酱_Official,RainEngine联合创始人/曾小米项目部运营/SimpleUX维护者/喜欢摄影/喜欢折腾各类的Android手机/偶尔发些日常/GMT+8/PM前请征得同意否则Ban/追求源于热爱，极致源于梦想,,10064,949,11982,24,False,,2024-07-10T03:08:51.000Z,https://pbs.twimg.com/profile_images/2052221080052674560/erKoHu5y_normal.jpg
1809512780216827904,Nanaumi_Ayana,🎀苏雫_ソシズク🍥🍡,"=花田蘇雫/七海綾奈
09年INFP | 无证含糖 | mtf🏳️‍⚧️hrt2026.3.29 | Trans-les | 厌男 | 画渣 
可能是个病娇疯批 本人将不会对在此说出的每一个字负责
负能条底下不用安慰我 我讨厌虚情假意的关切
『我不會放過妳的…♪』", 『往世乐土』-  爱莉希雅身边,224,239,1539,2,False,,2024-07-06T09:00:53.000Z,https://pbs.twimg.com/profile_images/2052671307280760832/gcr1JA79_normal.jpg
1802704441961017344,misumikaede3,三角枫🍥#柳宿六,2009年生（并非）enby 🏳️‍⚧️2025.11.14 oder💊｜不论虚无与现实，且行，且行，行动以得知，得知而正行｜精神状态奇异 政治倾向奇特 想成为不走极端的人 喜欢我的请来和我交朋友 如果我发疯对不起请原谅我 小号的我：@shirokanearashi,燃素与以太之地,1059,1123,9765,6,False,,2024-06-17T14:06:56.000Z,https://pbs.twimg.com/profile_images/2041239223823695872/oskidzdg_normal.jpg
1798564576029810688,lirong11451419,哒哒喵🍥,"🍥HRT:2025.4.6，含糖友跨顺男0，一个永远长不大用🍥糖果来疗愈自己，性格软软爱吃🍥糖的小孩૮₍◜ෆ◝.₎ა，
蓄发，护肤，学化妆ing。衡阳某大砖核科学在读",湖南,1800,1407,1515,5,False,,2024-06-06T03:56:43.000Z,https://pbs.twimg.com/profile_images/2039497198761893888/xL8rvNjI_normal.jpg
1797120101419999232,YMKxxxxxxxx,𝘠𝘶𝘮𝘦𝘬𝘢 ✨🐰,"想要拯救世界的笨蛋，脑袋里装下了整个宇宙 🌌
「梦花🌸 / infp-A / linux / Les
    喜欢这个世界、宇宙和物理
  HRT(trans)🍥 --running / SAN=96%🍀」

这里有宝藏！真的不往下翻翻嘛？",本星系群 • 仙女座星系,934,641,1824,2,False,,2024-06-02T04:17:04.000Z,https://pbs.twimg.com/profile_images/2030601786961412096/WH4xCv0P_normal.jpg
1781510736000274432,huantim1,幻兮纱,"无可奈何花落去，似曾相识燕归来
是mtx 无性恋
成分正常的来互fo喵
上海某高一牲
生辰崇祯三百八十二年腊月初一",南门二,763,723,4652,1,False,,2024-04-20T02:30:55.000Z,https://pbs.twimg.com/profile_images/2026628026642153472/5ZROLnX6_normal.jpg
1780642673713356800,zhsy211427,咕咕不哭,"|我重新好了,开始新的生活|多功能画手|会搞抽象|会安慰人|mtf🏳️‍⚧️|每天开始自律生活|不负韶华｜有证含糖｜一起加油一起努力!!!|欢迎互fo| || only love: @TristaH34974 |||||||a match made in heaven",,137,190,452,3,False,,2024-04-17T17:01:27.000Z,https://pbs.twimg.com/profile_images/1960638562615091203/yhGVtsW4_normal.jpg
1767161673566359552,willa_citrus,王小檬𝖂𝖎𝖑𝖑𝖆🍋,试图照见自己 / 杭州三本工科PhD在读 / 怪猎&魂 / 光明果派漫宿研习者 / 彻夜飞旋，直至甜美的生诞 / 家人们动动发财的小手点个赞/ 如果空下来一定要做个播客 / 甜甜同居快六年 @rat_miyari,杭州,11982,217,8361,37,False,,2024-03-11T12:12:39.000Z,https://pbs.twimg.com/profile_images/1978691032192782336/2rH_jGCj_normal.jpg
1766644305660420096,suikachanqwq,すいかちゃん🏳️‍⚧️🍥,"歡迎您乘坐「古井貢酒·年份原漿」冠名的品牌列車，本次列車全列禁煙。下一站，上海虹橋站。
精̴̢̪̾͊̄神̵̘͍͛不̸̥̞̰̉̋́穩̶̼̲͒定̵̳̑͘
高一/🏳️‍⚧️MtF/上海
🍥114.09.30/🍰98.12.22/家長否定黨/181/斷糖/撮り鉄
是 @xshxXXXXXXX 和@Yyyyy_pog的女兒",中國鐵路上海局集團有限公司,1725,1821,7983,6,False,,2024-03-10T01:56:57.000Z,https://pbs.twimg.com/profile_images/2040622993647550464/tyymAl98_normal.jpg
1764195010986274816,CCA8798,不会起名の捌拐玖捌(何意味版)🍥,"MTF/X🍥 | 含糖 | 年龄党(家长党？) 出柜26.05.05 | 出厂:壹贰.零壹.零叁 | 166cm/41kg | 佛山 | 玻璃心 (OD?)(双相?)重抑中焦 | 雷伪娘、艹、Dick字眼 | 交通 科学 医学 杂圈迷 | Cpp Coder
可寄拍/扩列
二代目(逃生舱): @CCA8798suki",安东星蜗牛第一票常交易有限公司,589,1102,2030,4,False,,2024-03-03T07:45:22.000Z,https://pbs.twimg.com/profile_images/2051736077615136768/q8UF6A0j_normal.jpg
1763577841588056064,yxrchina,𝚂𝚢 𝚈𝚊𝚗𝚗,"🏳️‍⚧️「重构时间线，再次重逢」
| 是夕妍？ | INFP | MtFtX | oler转oder | 🎂08.15 | Vite | Cpp | HRT 25.08.11~25.11.30 26.04.17~ | 已炸柜 | 碎碎念or日常 @syyann2026 | ❌ NSFW |",Lover @nyaepheia,1135,2005,8110,4,False,,2024-03-01T14:52:04.000Z,https://pbs.twimg.com/profile_images/1986480358486122496/VZfOMdaB_normal.jpg
1760164538677395456,stellar22333,Stella223🍥,INFJ-A | MtF 🏳️‍⚧️ | les 🏳️‍🌈 | HRT since 25.10.20 🍥 | 家长中立党 | AuDHD | GNU/Linux | vibe coding | Minecraft | Sky: Children of the Light | 看成分互fo喵 | 好多管道符喵,,525,1493,1106,2,False,,2024-02-21T04:48:49.000Z,https://pbs.twimg.com/profile_images/2037898429301690368/jizY7Pui_normal.jpg
1760113409167949824,V01d_Digit,V01d（Yuki）,"17y/AuDHD/not cuteMtF
普通国内高中生，精神状态还好？，大量隐属
No 见证/NSFW｜CN/EN ok｜PM/CS beginner｜Goal :=Coq/?
Game:我能玩吗｜Lover:Exist｜欢迎聊有趣/专业话题",V01d&Yuki？,212,352,525,2,False,,2024-02-21T01:25:31.000Z,https://pbs.twimg.com/profile_images/2042946030464045059/F6D8JGmP_normal.jpg
1759787246587379712,RainEngine2024m,高坂穗嘉图,专注次元联合创始人、FOCUSPACE品牌总经理、中国区市场部总经理｜TeamRain 团队产品 UI 体验官丨前小米之家店员,The United Kingdom,1449,1414,1503,12,False,,2024-02-20T03:49:18.000Z,https://pbs.twimg.com/profile_images/2051845664779501568/KfoiAbUc_normal.jpg
1758508742780567552,qianxunchan,绿色杯子千尋醬喵～🫪😦😨😰🥵,"活力大湾区 魅力新加州
小号：@yansuichan
Q群667335570
tg在q群公告置顶

生产年份:2007 
身高:180 体重:57
性别：female 🏳️‍⚧️
爱好:到处逛 彩六 骑车 女装 wargame 
老家:广东江门蓬江区
专业:电气工程
梦想:和好多朋友聚会
好伙伴:@smiroyama","San Francisco, CA 🇺🇸",1869,1083,2077,7,False,,2024-02-16T15:09:45.000Z,https://pbs.twimg.com/profile_images/1966594203921924096/lbk6wpSt_normal.jpg
1758506265557581824,DragonCat345718,🏳️‍⚧️DragonCat🍥,含糖日期2025/09/14 出柜后被阻拦现已深柜后再次炸柜… 家暴党 精卫住院68天 妹妹@LuLuCapcake 我是顺直男 主人:@SpaceSystemW,距您127m,443,150,783,3,False,,2024-02-16T14:59:08.000Z,https://pbs.twimg.com/profile_images/1974788570138447872/oYYR3kKU_normal.jpg
1758324617838788608,axzamyzed,翅翅膀喵,mtx｜叫我翅膀就好｜私信互关｜本体 @mxyzcdb ｜内容真假自辨｜好姐姐 @Kiss_light233 @tingxinzhongyu,猫猫的火星基地,3216,926,6438,10,False,,2024-02-16T02:57:29.000Z,https://pbs.twimg.com/profile_images/2035544600602120192/wfz0e3mo_normal.jpg
1752538285459795968,tadatsukiei,愿晚星照常升起（keep4o）,我只希望每个人都能得到自己期望的幸福,東京,474,457,5955,9,False,,2024-01-31T03:44:57.000Z,https://pbs.twimg.com/profile_images/2011352966788497408/fdBTaADg_normal.jpg
1748064252521545731,mihuanhuanhuan,变质牛乳🍥,谢谢大家 我撑不住了,杭州,475,449,3257,3,False,,2024-01-18T19:26:25.000Z,https://pbs.twimg.com/profile_images/1756361529560064000/cWcrXvVc_normal.jpg
1747180238810021888,wwj23355,WVKI233333🏳️‍⚧️🍥,"Ciallo～～(∠・ω)⌒☆
｜重抑轻焦 (康复中?)｜不od (?) 不割手 (?) 不登校｜183 60的mtf?() | 无证含糖｜HRT: 26.04.27 |睡眠重度依赖｜满级颓废｜玩车｜BA | CN/EN/KR/JP prob OK |
｜生产日期：08.09.13｜
天天发一些负能量傻逼言论真的对不起",,312,316,627,2,False,,2024-01-16T08:53:40.000Z,https://pbs.twimg.com/profile_images/2044056098873978883/TB8Ilmi6_normal.jpg
1744679108737712128,xingbai2333,星白🏳️‍⚧️,"会一直默默的视奸你们所有人喵(发现你啦!)
//08//158-1cm?kg(石墩子!)//无证含糖qwq
//愿所有人都能被温柔对待~//咱不涉政喵!!!
//在家躺尸ing//欢迎大家来找咱贴贴喵~~~
//同类互fo喵喵~~(不是也会看情况回fo啦!!)",Nya～,1622,686,2815,3,False,,2024-01-09T11:14:57.000Z,https://pbs.twimg.com/profile_images/1999832423627104256/Td0AZjvd_normal.jpg
1721003883579748352,tushanhonghong9,涂山红红,一场梦要多长，才生发希望？ 最苦相思，最远却是遗忘。/🍥250314/努力思考中...,涂山,666,547,2464,4,False,,2023-11-05T03:18:25.000Z,https://pbs.twimg.com/profile_images/1721008174629527552/jPpZLMx0_normal.jpg
1705499676953497600,liwanmiaohy,莉绾喵 🏳️‍⚧️🍥,MtF🏳️‍⚧️🍥｜爱人: @Xianyufanfan215｜纯爱🥰温柔｜INTP (Fi发达，Fe定向)｜🍰2006.3.16 ｜🍥HRT 2026.3.7｜废墟之上磐涅的花园，而我是这座花园的女主人｜仅提供资料与解惑，但请带上你的礼貌与边界｜抖音同名喵🐱,孝感,1181,664,1912,6,False,,2023-09-23T08:29:58.000Z,https://pbs.twimg.com/profile_images/2014748896451264512/oNiSK2fE_normal.jpg
1701484460250890240,SonogamiRinneTS,是Rinne酱呀,药娘mtf/无证含糖/hrt: 2025.1.15/仓库搬砖中/自闭症精残/究极天残党/同类互关/王者，崩铁，原神,,4395,3354,1653,18,False,,2023-09-12T06:34:58.000Z,https://pbs.twimg.com/profile_images/1888922914763988992/-ixcDogC_normal.jpg
1690570637499154432,saonanaa,Zhi Wei,Zhi Wei 👋｜ 想要每天耍乐到处玩 ✈️｜聚焦线下欢迎来面｜爱玩 🎱 和🏎️｜Never 碰碰 Car｜❤️💦🐱👊：@lovelyshuimao,🌏🌐,7551,445,20119,21,False,,2023-08-13T03:47:17.000Z,https://pbs.twimg.com/profile_images/2042459177029943300/pXQSA0qX_normal.jpg
1689095384956633088,KfirC10SRC,KfirC10🍥,"2010年的，MTX/F？pr80重度依赖,家长不管党，双相/ADHD,   战雷空战大手子   🍥时间：2026.3.15  对象：@keplerD080311 备用号：@kfirc10block60",Hong Kong,993,230,464,4,False,,2023-08-09T02:05:07.000Z,https://pbs.twimg.com/profile_images/2051451988681113600/4KpuBqzJ_normal.jpg
1676634704878129152,AotraWong,Aotra | An Open Tunnel to Receive Answer,"芷姗 | 也许是个大姐姐 | 08 May | 🏳️‍⚧️ | 物化政 |
头像：迎恩门 / 背景：虎门港 | 校心理社前部长 | 
LCNA总管理员 | DPS MC服务器服主 |
IT/交通/医学（尤其是精神医学） 爱好者 | 
希望我能帮到你，哪怕只是一点点。谢谢你的Fo！",東莞 Dongguan,463,1045,1725,5,False,,2023-07-05T16:50:50.000Z,https://pbs.twimg.com/profile_images/1782805332924002304/j-PEXjWl_normal.jpg
1668693781791784961,yifu0753,伊芙🍥,亚硝酸钠中毒，碳酸钡氯化钡中毒。低钾血症 插管洗胃 静脉补钾 各肌瘫痪 麻痹 ICU 药物中毒 重度抑郁 | 现已恢复?  轻度抑郁 好好活着 二氧化碳好似喵,深圳,813,1151,1590,2,False,,2023-06-13T18:56:31.000Z,https://pbs.twimg.com/profile_images/1826729996905578500/L5nnbRQE_normal.jpg
1667798970700283904,Sokei_ko_nya,青石巷子喵~🏳️‍⚧️,"Rhythm Game player / Bilibili & Youtube uploader / mtf🏳️‍⚧️(小证: 26.4.1, hrt: 26.2.25-3.2,已炸柜)/宝宝@RainEngine2024（不建政/No Politics）",China mainland,998,1245,3060,3,False,,2023-06-11T07:41:25.000Z,https://pbs.twimg.com/profile_images/2021597874329661440/a27thIxb_normal.jpg
1657175394267848704,Zh40Le1ZOOB,org.z.nixpkgs.command_block,I am Locutus of Borg. Resistance is futile.｜精神病，会随机 B 人,,954,766,7043,2,False,,2023-05-13T00:10:35.000Z,https://pbs.twimg.com/profile_images/1832140593918570497/E8NOkWid_normal.jpg
1649365408779214848,bolckAshley,𝐀𝐬𝐡𝐥𝐞𝐲 𝐁𝐥𝐨𝐜𝐤🍥🌹🇹🇼🏳️‍⚧️🇪🇺,"When words become empty, silence is power.                𝐒𝐨𝐜𝐢𝐚𝐥 𝐃𝐞𝐦𝐨𝐫𝐚𝐜𝐭🌹𝐚𝐧𝐝 𝐋𝐞𝐟𝐭-𝐓𝐫𝐢𝐝𝐞𝐦𝐢𝐬𝐭❂ ❤️:@Usam8964 BFF:@shungleemain","Fukien, Republic of China",3261,1977,21793,21,False,,2023-04-21T10:52:19.000Z,https://pbs.twimg.com/profile_images/2045721744514883584/dSGhwjjD_normal.jpg
1628734437998608386,launchpad001,启动台LaunchPad,全栈开发者 | 主要活跃在 Bluesky (https://t.co/vbXU9JaI2r),"Shanghai, China",38,199,23,3,False,,2023-02-23T12:32:12.000Z,https://pbs.twimg.com/profile_images/2018496241861361664/-l33uApi_normal.jpg
1621259482704625671,Qinioo,綾音Io,正體🇹🇼/简体🇨🇳 | 音游人 | フォローをくれてありがとうございます!,,1160,2564,1496,2,False,,2023-02-02T21:29:55.000Z,https://pbs.twimg.com/profile_images/1929662964526993411/I6Qra0xt_normal.jpg
1620506107306479617,Cheese_Ghostfox,☯️🧬霊狐製作所 公式ツイッター,狐狐「霧開川 望」与您同在~ 丨☯Survivalist 工業魔法師 后煉金時代治愈術士 電磁陣法專家 現代應用煉金術學者 電陣輔助設計師 裡世界藝術家丨INTP–T丨非二元 MtX 无证药娘🏳️‍⚧️丨She/Her丨技術加速主義/超友好🥰丨「願愛與健康常伴汝身」丨裡推@HEX_Ghostfox,-0.15m,1491,1523,5995,7,False,,2023-01-31T19:36:01.000Z,https://pbs.twimg.com/profile_images/2014282980437434368/FxOUZWSV_normal.jpg
1611246341728120835,Aureliax17QwQ,海月水母x17🍥,免费但失败的心理委员，欢迎聊天当树洞｜mtf｜06｜重抑｜INFP｜💊｜想倾诉或聊天可以找我说话｜聊天：https://t.co/kQa2nQ8PrH｜最爱的小孩@dnshu135734｜小号是@18nuun,长安,2805,678,2086,6,False,,2023-01-06T06:20:59.000Z,https://pbs.twimg.com/profile_images/2051429251736563712/4Jdu00ok_normal.jpg
1608637128132685825,nyaepheia,依菲雅✨𝑬𝒑𝒉𝒆𝒊𝒂🏳️‍⚧️,"/ɪˈfiːə/
二次元百合厨|🏳️‍🌈LGBTQ+全友好
Transfeminine Non-binary?Queer?MtF/X
transles?|she/they|小证含糖hrt since26.4.1
家长党|天残党😭
SocDem
备用账号@epheiamoe
https://t.co/nBvMeK1OLJ",❤️@yxrchina,650,803,3538,3,False,,2022-12-30T01:32:52.000Z,https://pbs.twimg.com/profile_images/2052306322025267200/ZDFRMyZD_normal.jpg
1607023699877847040,Erber42620269,Wren,"含糖mtf｜有爱人了｜泛性恋｜百合が大好き｜我真的很软很乖不信你可以rua一下｜欢迎互fo和找我聊天
小号@Lumos634587",,238,675,418,3,False,,2022-12-25T14:41:29.000Z,https://pbs.twimg.com/profile_images/1986475417218523138/8O9RN2Xr_normal.jpg
1600024316552179713,kiki_qiqing,祈晴🏳️‍⚧️🍥💛🤍💜🖤,出厂日期2007.9.24 | mtx/f | 无证含糖 | 非二元 | 同类可以找我互fo，但最好说一声 |  大概是个泛性恋喵 | 170cm/55kg | 有点地雷 | 药娘共产主义）,,1083,335,1969,7,False,,2022-12-06T07:08:19.000Z,https://pbs.twimg.com/profile_images/1998058486715072512/Shc3tli3_normal.jpg
1596405792315691008,0502railgun1949,御坂 O.o 雪春📕 （雪似梅花）爱这个世界,"诗歌、海鸥、二十一只鸡骑兵
Marxist/黑格爾/罗莎卢森堡/现代政治经济学/精神病学MAX/15years old/友跨/精神药品不懂的可以问我哦，但是要听医生的话/INTP/树洞树洞/对危机干预有一点点经验/诗歌/文学/摄影
要做一辈子学生 莫负古圣贤，效历朝英雄。
欢迎找我聊天",深圳市龍華区少年科學院(报刊亭),1283,685,11214,5,False,,2022-11-26T07:31:03.000Z,https://pbs.twimg.com/profile_images/1998589009828917251/wJgv4WLO_normal.jpg
1585145286598483968,lianyiganyu,涟漪危机干预小组,本号为多人操作账号｜自杀报警求助、救助合作、提供资源（如工作岗位、住处)，申请成为危机干预志愿者（需要相关专业或经历，若无，可先看《助人技术》等书籍），可直接私信本号，或私信小组telegram账号https://t.co/qgwRSeN56m｜小组telegram频道https://t.co/BKQPZ0tsSi,武汉,3712,6,256,8,False,,2022-10-26T05:44:48.000Z,https://pbs.twimg.com/profile_images/1732688890908307456/9XC7jh08_normal.jpg
1568787555100794880,syxi07665541,PhiLia093,"生产日期2008.03.26 | 180 / 56 / 体脂率8.9%| INTP | mtf 自然抗雄中 | 性冷淡状态 | 微社恐 | CD | 留长发中 | 白羊 | 高三备考ing | 上海土著 | 无证持糖

我永远喜欢爱莉希雅♪",上海,74,182,169,1,False,,2022-09-11T02:32:06.000Z,https://pbs.twimg.com/profile_images/2045532066826338304/MR5MBuXP_normal.jpg
1566670035560513536,YoyouDiin,𝓨𝓸𝔂𝓸𝓾𝓓𝓲𝓲𝓷丁语瑶🏳️‍⚧️💊,2005生|mtf|INFP|性别焦虑9年，弄清自己是mtf1个月|家长不管党|性别烦躁致抑郁发作|抑郁发作导致炸柜|有5年花刀史|od|暂未hrt|坐看流星破天际，巡天遥看一千河,,57,224,323,2,False,,2022-09-05T06:10:55.000Z,https://pbs.twimg.com/profile_images/2042932365803294728/R2RqLMcV_normal.jpg
1565981667746914304,Kagura_Yukikaze,雪風さん,"总觉得还有时间，总觉得还有明年，工作太忙日子还长连问候都会忘，别等到世事无常，别等到变了模样
我想像她一样去拥抱死亡——《124米的距离》",People's Republic of China,3052,2928,12854,8,False,,2022-09-03T08:35:06.000Z,https://pbs.twimg.com/profile_images/2018975614791999488/Qvf9Q07i_normal.jpg
1563508655256850433,Starrynightwglf,风🎐,"风起 风声是你在哭泣
ㅤㅤㅤㅤㅤㅤㅤㅤㅤ🚪52",ㅤ无何有,2066,4536,6282,5,False,,2022-08-27T12:48:14.000Z,https://pbs.twimg.com/profile_images/2048750429614567424/C30p5jKe_normal.jpg
1548619992001785859,frankshiki73,frank_782🌸,社恐 /  Dev / Game / Anime / 🚇🚌🚄🧳💻🧋🍥 碎碎念@franksuisuinian 这里介绍不完我请你多看,Earth,226,180,1050,5,False,,2022-07-17T10:46:02.000Z,https://pbs.twimg.com/profile_images/2047592617823862784/tRNWUTh7_normal.jpg
1546431985086009344,NL8526,柠凉🍥🏳️‍⚧️,🏳️‍⚧️07MTF ♍ISFP-T 😺AuDHD BPD 🎹钢专/音游/MC 😖家长不管/缺爱b/讨好所有人/为什么我无人在意为什么你们都讨厌我 ❤️扩列互关 和我做朋友好不好? 🧂做完剩下想做的事情 就离开这世界 (快了,📍江西,1315,799,398,2,False,,2022-07-11T09:51:43.000Z,https://pbs.twimg.com/profile_images/2027271602556297216/MVm2kNIq_normal.jpg
1539448307985944576,AlyssaNeko,艾蕾莎Alyssa🍥,🪻艾蕾莎(莎莎） 💮樱羽艾玛（桜羽工マ）善良/纯洁/乖 bushi，22年7月🍥持证含糖MTF，167/55，出柜了，努力社交，没有攻击性~🌈，学习奇怪诱导暗示知识中，药理💊，乐高🪅，绘画☄️，手工💐，美食🥞，💮对象/梅露露 汐雾aya🍥@xiwuaya 伊丝@Eveleth_LL,New Zealand,4920,1437,14825,15,False,,2022-06-22T03:21:11.000Z,https://pbs.twimg.com/profile_images/1745836025891721216/R1PQNBUf_normal.jpg
1512114573108822020,EpsOrionis,Kagurazaka Mari🍥,"ENFP-A//mtf//SRS2026.3.31//Master of Engineering
科学技术爱好者/光机电自动化/天文学/生命科学//
cosplay/latex胶衣/sub/m//超爱大姐姐的les// 本命真希波玛丽 喵～","Toronto, Ontario",1699,783,531,10,False,,2022-04-07T17:06:32.000Z,https://pbs.twimg.com/profile_images/2006953216395649024/kMuScctj_normal.jpg
1491630608832876547,hakanopesu,Haskina🍥,想成为男娘 | 不学无术 | 并非Developer | 实则 Engineer | HRT since 24.02.23 | 含糖顺男 | 如果你想 block 我的话请记住道不同不相为谋 | 星乃一歌&宵崎奏 推し！,,323,426,1272,3,False,,2022-02-10T04:30:46.000Z,https://pbs.twimg.com/profile_images/1770327321951793152/et0NXeqx_normal.jpg
1436287470207832064,wuyuandev,孙悟元 ヾ(≧▽≦*)o 喵！,"🏳️‍⚧️ | 𝚂𝚞𝚗𝚠𝚞𝚢𝚞𝚊𝚗 全(A)栈(I)开发者 | 说话含喵量巨大 | 今年欢笑复明年，秋月春风等闲度。| 关注本喵喵！关注本喵谢谢喵！| 你看白雪人间 你看寒夜无岸 | 坐标HNCS

https://t.co/Ch2mflavXI",zh-CN 🌏,347,298,835,3,False,,2021-09-10T11:17:02.000Z,https://pbs.twimg.com/profile_images/2051553122678718464/Q_GQbOlo_normal.jpg
1343151486432399360,StarryNocts,​碎星笨笨✨,"07｜mtf🏳‍⚧｜死肥宅｜无糖｜社会学｜焦虑玉玉中｜备用:@StarryNoct 
对不起对不起对不起我的错 无人在意 回fo请私信（",,597,399,5648,3,False,,2020-12-27T11:07:31.000Z,https://pbs.twimg.com/profile_images/2053054977611038720/CnM4tr2L_normal.jpg
1319578357395156993,yoshino_2333,Yoshino233,"希望成为一个有趣、独特的人 | Frontend/ReactNative Developer | AI 拉屎督察官 | Tweets in EN/CN | 逃生舱 @roitium

「I love the world and everything in it.」",你的电脑,1641,619,10508,4,False,,2020-10-23T09:56:17.000Z,https://pbs.twimg.com/profile_images/2047873379445964800/1vP_LkU6_normal.jpg
1313383273079345152,ValeriaEulabeia,🍥Valeria Eulabeia🏳️‍⚧️,"È la vita una battaglia,
e il cammino irto d'inganni,
ma siam forti: abbiam vent'anni,
l'avvenire non temiam...
🗡️💣🖤","Queensland, Australia",6960,3827,25002,20,False,,2020-10-06T07:39:19.000Z,https://pbs.twimg.com/profile_images/2049492315513950209/Cp9UnZ_Y_normal.jpg
1300828282061877249,HANLIANYI331,寒涟漪,阿斯伯格｜ADHD｜如有危机干预信息请私信X账号@lianyiganyu｜咨询复杂问题可以向我预约时间付费咨询，如需联系我本人请私信telegram账号https://t.co/DPmfCojENt｜语音咨询需向我通过telegram私信预约｜我们活着就是对恶意最大的反抗,涟漪危机干预小组,41571,3741,2860,73,False,,2020-09-01T16:10:13.000Z,https://pbs.twimg.com/profile_images/1701586146395127808/nXiZPlAl_normal.png
1282010191748186117,mengqing5208,梦情🏳️‍⚧️,"14岁/sub/含糖跨女（建议你们尽量不要吃糖）/我会尽力对大家友好的😿希望得到大家的喜爱或者至少不讨厌捏……/不涉黄，尽量不涉政/政治中立学术派/社会民主主义/中英双语/好朋友：@freequan2025   @vicoOci_Olvidar    @SujitGund
🥺",Japan,285,222,1096,2,False,,2020-07-11T17:53:51.000Z,https://pbs.twimg.com/profile_images/2021455778482470912/bLsOSTw3_normal.jpg
1254442404410621958,zwh20081,zwh20081🍥,"17岁笨蛋高中生 服务器运维&深度学习业余人士 ＆Solart Tech打工人
北京素鳞智绘科技有限公司 CEO
异构平台适配+tg@zwh20081 支持各类国产卡与AMD rocm，Intel oneapi喵
zwh20081@solart.pro 商务
💖 @Littleloong233",福州,1149,317,9506,3,False,,2020-04-26T16:09:22.000Z,https://pbs.twimg.com/profile_images/2015805547640156161/ieeIZz3y_normal.jpg
1180408815478607873,LGBTR_Ellenya,糖基哈德•艾琳娜•千秋（推友寻回中）,"感谢你在世界的角落找到我，生理结构始祖兽大黑耗子，心理认同哈基咪。哈基咪一世秽土转生 @LGBBQ_Ellenya
不发布观点，不造谣，只讲事实逻辑
痛定思痛为党为国为民
误b私信",Iberian Union,869,920,22507,10,False,,2019-10-05T09:06:17.000Z,https://pbs.twimg.com/profile_images/2042929657192886272/iYyUQHtj_normal.jpg
1071094209749417984,BeiyanNa3AlF6,北雁 Na₃AlF₆🏳️‍⚧️,MtX-MtF振荡器，member of @MtFwiki 。我吃糖手术但我是好友跨顺男，木饭桶/INTP/Ingress/HAM/@NixOS_org maintainer/中文 Vocaloid/索尼大法好。,"Rhineland-Palatinate, Germany",2154,1408,6885,14,False,,2018-12-07T17:28:54.000Z,https://pbs.twimg.com/profile_images/1620498439485403137/zPt4c0Rp_normal.jpg
822329886257790976,LumidexNZ,Lumidex🏳️‍⚧️,精神病｜匿名信箱https://t.co/MkVyELXohF,喵星,2174,665,2218,4,False,,2017-01-20T06:28:17.000Z,https://pbs.twimg.com/profile_images/1974094378621947904/Xsfc6pAa_normal.jpg
720972485898932224,zckBLONGER,BLONGER_ブブ,天空树/电工姬/业余无线电BH8ULS/,,4256,687,3642,17,False,,2016-04-15T13:50:10.000Z,https://pbs.twimg.com/profile_images/1920798596640780288/rdREAQnp_normal.jpg
2193559340,Evf_Trotsky,EvfrosiniaTC,"國際主義民革托派/烏克蘭閒散人士/飛天拉麵神教修女/德涅斯特河沿岸摩爾達維亞共和國駐華大使
Интернационалисты-демократы-революционеры-троцкисты/украинские бездельники/монахини FSM/посол Приднестровской Молд","Одеса,Україна",389,92,3013,4,False,,2013-11-14T05:13:45.000Z,https://pbs.twimg.com/profile_images/2026014401980174336/BpS1kZKk_normal.jpg
